model,R2,MAE,MSE
H2,0.7426634301721962,0.05633276672613303,0.006637976725756028
H3,0.6351990158604218,0.8070242624877089,1.0900918505046195
