liczba_klastrow,sredni_silhouette
2,0.3544252465757296
3,0.27864972204863336
4,0.25221199535918454
5,0.24149694952209363
6,0.2043948654966617
